"","Location","Row","Column","Genotype","Anthocyans.ug.mg","pop","Plot_RC_ID"
"1","Loc1","1","1",NA,NA,NA,"Loc1_R1_C1"
"12","Loc1","1","2",NA,NA,NA,"Loc1_R1_C2"
"23","Loc1","1","3",NA,NA,NA,"Loc1_R1_C3"
"34","Loc1","1","4",NA,NA,NA,"Loc1_R1_C4"
"45","Loc1","1","5",NA,NA,NA,"Loc1_R1_C5"
"56","Loc1","1","6",NA,NA,NA,"Loc1_R1_C6"
"67","Loc1","1","7",NA,NA,NA,"Loc1_R1_C7"
"78","Loc1","1","8",NA,NA,NA,"Loc1_R1_C8"
"89","Loc1","1","9",NA,NA,NA,"Loc1_R1_C9"
"2","Loc1","1","10",NA,NA,NA,"Loc1_R1_C10"
"3","Loc1","1","11",NA,NA,NA,"Loc1_R1_C11"
"4","Loc1","1","12",NA,NA,NA,"Loc1_R1_C12"
"5","Loc1","1","13",NA,NA,NA,"Loc1_R1_C13"
"6","Loc1","1","14",NA,NA,NA,"Loc1_R1_C14"
"7","Loc1","1","15",NA,NA,NA,"Loc1_R1_C15"
"8","Loc1","1","16",NA,NA,NA,"Loc1_R1_C16"
"9","Loc1","1","17",NA,NA,NA,"Loc1_R1_C17"
"10","Loc1","1","18",NA,NA,NA,"Loc1_R1_C18"
"11","Loc1","1","19",NA,NA,NA,"Loc1_R1_C19"
"13","Loc1","1","20",NA,NA,NA,"Loc1_R1_C20"
"14","Loc1","1","21",NA,NA,NA,"Loc1_R1_C21"
"15","Loc1","1","22",NA,NA,NA,"Loc1_R1_C22"
"16","Loc1","1","23",NA,NA,NA,"Loc1_R1_C23"
"17","Loc1","1","24",NA,NA,NA,"Loc1_R1_C24"
"18","Loc1","1","25",NA,NA,NA,"Loc1_R1_C25"
"19","Loc1","1","26",NA,NA,NA,"Loc1_R1_C26"
"20","Loc1","1","27",NA,NA,NA,"Loc1_R1_C27"
"21","Loc1","1","28",NA,NA,NA,"Loc1_R1_C28"
"22","Loc1","1","29",NA,NA,NA,"Loc1_R1_C29"
"24","Loc1","1","30",NA,NA,NA,"Loc1_R1_C30"
"25","Loc1","1","31",NA,NA,NA,"Loc1_R1_C31"
"26","Loc1","1","32",NA,NA,NA,"Loc1_R1_C32"
"27","Loc1","1","33",NA,NA,NA,"Loc1_R1_C33"
"28","Loc1","1","34",NA,NA,NA,"Loc1_R1_C34"
"29","Loc1","1","35",NA,NA,NA,"Loc1_R1_C35"
"30","Loc1","1","36",NA,NA,NA,"Loc1_R1_C36"
"31","Loc1","1","37",NA,NA,NA,"Loc1_R1_C37"
"32","Loc1","1","38",NA,NA,NA,"Loc1_R1_C38"
"33","Loc1","1","39",NA,NA,NA,"Loc1_R1_C39"
"35","Loc1","1","40",NA,NA,NA,"Loc1_R1_C40"
"36","Loc1","1","41",NA,NA,NA,"Loc1_R1_C41"
"37","Loc1","1","42",NA,NA,NA,"Loc1_R1_C42"
"38","Loc1","1","43",NA,NA,NA,"Loc1_R1_C43"
"39","Loc1","1","44",NA,NA,NA,"Loc1_R1_C44"
"40","Loc1","1","45",NA,NA,NA,"Loc1_R1_C45"
"41","Loc1","1","46",NA,NA,NA,"Loc1_R1_C46"
"42","Loc1","1","47",NA,NA,NA,"Loc1_R1_C47"
"43","Loc1","1","48",NA,NA,NA,"Loc1_R1_C48"
"44","Loc1","1","49",NA,NA,NA,"Loc1_R1_C49"
"46","Loc1","1","50",NA,NA,NA,"Loc1_R1_C50"
"47","Loc1","1","51",NA,NA,NA,"Loc1_R1_C51"
"48","Loc1","1","52",NA,NA,NA,"Loc1_R1_C52"
"49","Loc1","1","53",NA,NA,NA,"Loc1_R1_C53"
"50","Loc1","1","54",NA,NA,NA,"Loc1_R1_C54"
"51","Loc1","1","55",NA,NA,NA,"Loc1_R1_C55"
"52","Loc1","1","56",NA,NA,NA,"Loc1_R1_C56"
"53","Loc1","1","57",NA,NA,NA,"Loc1_R1_C57"
"54","Loc1","1","58",NA,NA,NA,"Loc1_R1_C58"
"55","Loc1","1","59",NA,NA,NA,"Loc1_R1_C59"
"57","Loc1","1","60",NA,NA,NA,"Loc1_R1_C60"
"58","Loc1","1","61",NA,NA,NA,"Loc1_R1_C61"
"59","Loc1","1","62",NA,NA,NA,"Loc1_R1_C62"
"60","Loc1","1","63",NA,NA,NA,"Loc1_R1_C63"
"61","Loc1","1","64",NA,NA,NA,"Loc1_R1_C64"
"62","Loc1","1","65",NA,NA,NA,"Loc1_R1_C65"
"63","Loc1","1","66",NA,NA,NA,"Loc1_R1_C66"
"64","Loc1","1","67",NA,NA,NA,"Loc1_R1_C67"
"65","Loc1","1","68",NA,NA,NA,"Loc1_R1_C68"
"66","Loc1","1","69","LAR1N69",0.726939338,"pxw","Loc1_R1_C69"
"68","Loc1","1","70","LAR1N70",0.761305988,"pxw","Loc1_R1_C70"
"69","Loc1","1","71",NA,NA,NA,"Loc1_R1_C71"
"70","Loc1","1","72",NA,NA,NA,"Loc1_R1_C72"
"71","Loc1","1","73",NA,NA,NA,"Loc1_R1_C73"
"72","Loc1","1","74","LAR1N74",3.102507068,"pxw","Loc1_R1_C74"
"73","Loc1","1","75","LAR1N75",0.298880487,"pxw","Loc1_R1_C75"
"74","Loc1","1","76","LAR1N76",0.801326498,"pxw","Loc1_R1_C76"
"75","Loc1","1","77",NA,NA,NA,"Loc1_R1_C77"
"76","Loc1","1","78","LAR1N78",0.502515113,"pxw","Loc1_R1_C78"
"77","Loc1","1","79","LAR1N79",0.4608627,"pxw","Loc1_R1_C79"
"79","Loc1","1","80",NA,NA,NA,"Loc1_R1_C80"
"80","Loc1","1","81","LAR1N81",1.098993142,"pxw","Loc1_R1_C81"
"81","Loc1","1","82",NA,NA,NA,"Loc1_R1_C82"
"82","Loc1","1","83",NA,NA,NA,"Loc1_R1_C83"
"83","Loc1","1","84",NA,NA,NA,"Loc1_R1_C84"
"84","Loc1","1","85","LAR1N85",1.630624852,"pxw","Loc1_R1_C85"
"85","Loc1","1","86",NA,NA,NA,"Loc1_R1_C86"
"86","Loc1","1","87",NA,NA,NA,"Loc1_R1_C87"
"87","Loc1","1","88",NA,NA,NA,"Loc1_R1_C88"
"88","Loc1","1","89",NA,NA,NA,"Loc1_R1_C89"
"90","Loc1","1","90",NA,NA,NA,"Loc1_R1_C90"
"91","Loc1","1","91","LAR1N91",0.7249957,"pxw","Loc1_R1_C91"
"92","Loc1","1","92",NA,NA,NA,"Loc1_R1_C92"
"93","Loc1","1","93",NA,NA,NA,"Loc1_R1_C93"
"94","Loc1","1","94",NA,NA,NA,"Loc1_R1_C94"
"95","Loc1","1","95",NA,NA,NA,"Loc1_R1_C95"
"96","Loc1","1","96",NA,NA,NA,"Loc1_R1_C96"
"97","Loc1","1","97",NA,NA,NA,"Loc1_R1_C97"
"98","Loc1","1","98","LAR1N98",0.509977087,"pxw","Loc1_R1_C98"
"99","Loc1","1","99","LAR1N99",4.208451934,"pxw","Loc1_R1_C99"
"100","Loc1","2","1","LAR2N1",3.35922457,"pxw","Loc1_R2_C1"
"111","Loc1","2","2","LAR2N2",0.835896138,"pxw","Loc1_R2_C2"
"122","Loc1","2","3","LAR2N3",0.1725646,"pxw","Loc1_R2_C3"
"133","Loc1","2","4",NA,NA,NA,"Loc1_R2_C4"
"144","Loc1","2","5",NA,NA,NA,"Loc1_R2_C5"
"155","Loc1","2","6","LAR2N6",0.42961711,"pxw","Loc1_R2_C6"
"166","Loc1","2","7",NA,NA,NA,"Loc1_R2_C7"
"177","Loc1","2","8","LAR2N8",2.563144568,"pxw","Loc1_R2_C8"
"188","Loc1","2","9",NA,NA,NA,"Loc1_R2_C9"
"101","Loc1","2","10",NA,NA,NA,"Loc1_R2_C10"
"102","Loc1","2","11","LAR2N11",0.43525661,"pxw","Loc1_R2_C11"
"103","Loc1","2","12","LAR2N12",0.322009968,"pxw","Loc1_R2_C12"
"104","Loc1","2","13",NA,NA,NA,"Loc1_R2_C13"
"105","Loc1","2","14",NA,NA,NA,"Loc1_R2_C14"
"106","Loc1","2","15",NA,NA,NA,"Loc1_R2_C15"
"107","Loc1","2","16",NA,NA,NA,"Loc1_R2_C16"
"108","Loc1","2","17","LAR2N17",0.7417064,"pxw","Loc1_R2_C17"
"109","Loc1","2","18","LAR2N18",0.09000642,"pxw","Loc1_R2_C18"
"110","Loc1","2","19",NA,NA,NA,"Loc1_R2_C19"
"112","Loc1","2","20","LAR2N20",0.70787004,"pxw","Loc1_R2_C20"
"113","Loc1","2","21","LAR2N21",0.111392662,"pxw","Loc1_R2_C21"
"114","Loc1","2","22","LAR2N22",1.71316731,"pxw","Loc1_R2_C22"
"115","Loc1","2","23","LAR2N23",0.39505656,"pxw","Loc1_R2_C23"
"116","Loc1","2","24",NA,NA,NA,"Loc1_R2_C24"
"117","Loc1","2","25",NA,NA,NA,"Loc1_R2_C25"
"118","Loc1","2","26",NA,NA,NA,"Loc1_R2_C26"
"119","Loc1","2","27",NA,NA,NA,"Loc1_R2_C27"
"120","Loc1","2","28","LAR2N28",0.46061474,"pxw","Loc1_R2_C28"
"121","Loc1","2","29","LAR2N29",1.41607845,"pxw","Loc1_R2_C29"
"123","Loc1","2","30",NA,NA,NA,"Loc1_R2_C30"
"124","Loc1","2","31","LAR2N31",1.839876863,"pxw","Loc1_R2_C31"
"125","Loc1","2","32","LAR2N32",0.226656965,"pxw","Loc1_R2_C32"
"126","Loc1","2","33","LAR2N33",0.594974169,"pxw","Loc1_R2_C33"
"127","Loc1","2","34",NA,NA,NA,"Loc1_R2_C34"
"128","Loc1","2","35","LAR2N35",1.74125202,"pxw","Loc1_R2_C35"
"129","Loc1","2","36","LAR2N36",0.16922334,"pxw","Loc1_R2_C36"
"130","Loc1","2","37",NA,NA,NA,"Loc1_R2_C37"
"131","Loc1","2","38","LAR2N38",1.307128616,"pxw","Loc1_R2_C38"
"132","Loc1","2","39","LAR2N39",0.22884356,"pxw","Loc1_R2_C39"
"134","Loc1","2","40","LAR2N40",4.353308168,"pxw","Loc1_R2_C40"
"135","Loc1","2","41",NA,NA,NA,"Loc1_R2_C41"
"136","Loc1","2","42","LAR2N42",0.486445007,"pxw","Loc1_R2_C42"
"137","Loc1","2","43",NA,NA,NA,"Loc1_R2_C43"
"138","Loc1","2","44","LAR2N44",0.501429581,"pxw","Loc1_R2_C44"
"139","Loc1","2","45",NA,NA,NA,"Loc1_R2_C45"
"140","Loc1","2","46",NA,NA,NA,"Loc1_R2_C46"
"141","Loc1","2","47",NA,NA,NA,"Loc1_R2_C47"
"142","Loc1","2","48",NA,NA,NA,"Loc1_R2_C48"
"143","Loc1","2","49",NA,NA,NA,"Loc1_R2_C49"
"145","Loc1","2","50",NA,NA,NA,"Loc1_R2_C50"
"146","Loc1","2","51",NA,NA,NA,"Loc1_R2_C51"
"147","Loc1","2","52",NA,NA,NA,"Loc1_R2_C52"
"148","Loc1","2","53",NA,NA,NA,"Loc1_R2_C53"
"149","Loc1","2","54","LAR2N54",2.52581926,"pxw","Loc1_R2_C54"
"150","Loc1","2","55","LAR2N55",0.332961183,"pxw","Loc1_R2_C55"
"151","Loc1","2","56","LAR2N56",0.303579525,"pxw","Loc1_R2_C56"
"152","Loc1","2","57","LAR2N57",1.652483461,"pxw","Loc1_R2_C57"
"153","Loc1","2","58","LAR2N58",0.600875513,"pxw","Loc1_R2_C58"
"154","Loc1","2","59","LAR2N59",1.057612656,"pxw","Loc1_R2_C59"
"156","Loc1","2","60","LAR2N60",0.453357853,"pxw","Loc1_R2_C60"
"157","Loc1","2","61",NA,NA,NA,"Loc1_R2_C61"
"158","Loc1","2","62","LAR2N62",1.171551813,"pxw","Loc1_R2_C62"
"159","Loc1","2","63","LAR2N63",0.599746478,"pxw","Loc1_R2_C63"
"160","Loc1","2","64",NA,NA,NA,"Loc1_R2_C64"
"161","Loc1","2","65","LAR2N65",0.787714416,"pxw","Loc1_R2_C65"
"162","Loc1","2","66",NA,NA,NA,"Loc1_R2_C66"
"163","Loc1","2","67","LAR2N67",0.376619515,"pxw","Loc1_R2_C67"
"164","Loc1","2","68","LAR2N68",0.278931355,"pxw","Loc1_R2_C68"
"165","Loc1","2","69","LAR2N69",0.449020643,"pxw","Loc1_R2_C69"
"167","Loc1","2","70","LAR2N70",2.640112954,"pxw","Loc1_R2_C70"
"168","Loc1","2","71",NA,NA,NA,"Loc1_R2_C71"
"169","Loc1","2","72","LAR2N72",0.281418785,"pxw","Loc1_R2_C72"
"170","Loc1","2","73","LAR2N73",0.551644135,"pxw","Loc1_R2_C73"
"171","Loc1","2","74",NA,NA,NA,"Loc1_R2_C74"
"172","Loc1","2","75",NA,NA,NA,"Loc1_R2_C75"
"173","Loc1","2","76","LAR2N76",1.093505848,"pxw","Loc1_R2_C76"
"174","Loc1","2","77","LAR2N77",0.488101605,"pxw","Loc1_R2_C77"
"175","Loc1","2","78",NA,NA,NA,"Loc1_R2_C78"
"176","Loc1","2","79","LAR2N79",0.208378795,"pxw","Loc1_R2_C79"
"178","Loc1","2","80",NA,NA,NA,"Loc1_R2_C80"
"179","Loc1","2","81",NA,NA,NA,"Loc1_R2_C81"
"180","Loc1","2","82",NA,NA,NA,"Loc1_R2_C82"
"181","Loc1","2","83",NA,NA,NA,"Loc1_R2_C83"
"182","Loc1","2","84","LAR2N84",1.247190278,"pxw","Loc1_R2_C84"
"183","Loc1","2","85",NA,NA,NA,"Loc1_R2_C85"
"184","Loc1","2","86","LAR2N86",0.608176635,"pxw","Loc1_R2_C86"
"185","Loc1","2","87",NA,NA,NA,"Loc1_R2_C87"
"186","Loc1","2","88","LAR2N88",0.415475089,"pxw","Loc1_R2_C88"
"187","Loc1","2","89",NA,NA,NA,"Loc1_R2_C89"
"189","Loc1","2","90","LAR2N90",0.464632763,"pxw","Loc1_R2_C90"
"190","Loc1","2","91","LAR2N91",0.407599325,"pxw","Loc1_R2_C91"
"191","Loc1","2","92","LAR2N92",2.005609963,"pxw","Loc1_R2_C92"
"192","Loc1","2","93",NA,NA,NA,"Loc1_R2_C93"
"193","Loc1","2","94","LAR2N94",1.256735926,"pxw","Loc1_R2_C94"
"194","Loc1","2","95",NA,NA,NA,"Loc1_R2_C95"
"195","Loc1","2","96",NA,NA,NA,"Loc1_R2_C96"
"196","Loc1","2","97","LAR2N97",0.248629935,"pxw","Loc1_R2_C97"
"197","Loc1","2","98","LAR2N98",0.485614175,"pxw","Loc1_R2_C98"
"198","Loc1","2","99",NA,NA,NA,"Loc1_R2_C99"
"199","Loc1","3","1",NA,NA,NA,"Loc1_R3_C1"
"210","Loc1","3","2","LAR3N2",0.402533773,"pxw","Loc1_R3_C2"
"221","Loc1","3","3","LAR3N3",0.987578176,"pxw","Loc1_R3_C3"
"232","Loc1","3","4",NA,NA,NA,"Loc1_R3_C4"
"243","Loc1","3","5","LAR3N5",0.432651746,"pxw","Loc1_R3_C5"
"254","Loc1","3","6",NA,NA,NA,"Loc1_R3_C6"
"265","Loc1","3","7",NA,NA,NA,"Loc1_R3_C7"
"276","Loc1","3","8",NA,NA,NA,"Loc1_R3_C8"
"287","Loc1","3","9","LAR3N9",0.47736043,"pxw","Loc1_R3_C9"
"200","Loc1","3","10",NA,NA,NA,"Loc1_R3_C10"
"201","Loc1","3","11",NA,NA,NA,"Loc1_R3_C11"
"202","Loc1","3","12","LAR3N12",0.729809213,"pxw","Loc1_R3_C12"
"203","Loc1","3","13",NA,NA,NA,"Loc1_R3_C13"
"204","Loc1","3","14","LAR3N14",0.4997473,"pxw","Loc1_R3_C14"
"205","Loc1","3","15","LAR3N15",0.252296851,"pxw","Loc1_R3_C15"
"206","Loc1","3","16",NA,NA,NA,"Loc1_R3_C16"
"207","Loc1","3","17","LAR3N17",0.881959972,"pxw","Loc1_R3_C17"
"208","Loc1","3","18",NA,NA,NA,"Loc1_R3_C18"
"209","Loc1","3","19",NA,NA,NA,"Loc1_R3_C19"
"211","Loc1","3","20",NA,NA,NA,"Loc1_R3_C20"
"212","Loc1","3","21","LAR3N21",0.54400632,"pxw","Loc1_R3_C21"
"213","Loc1","3","22",NA,NA,NA,"Loc1_R3_C22"
"214","Loc1","3","23","LAR3N23",0.441357723,"pxw","Loc1_R3_C23"
"215","Loc1","3","24",NA,NA,NA,"Loc1_R3_C24"
"216","Loc1","3","25",NA,NA,NA,"Loc1_R3_C25"
"217","Loc1","3","26","LAR3N26",1.576421868,"pxw","Loc1_R3_C26"
"218","Loc1","3","27",NA,NA,NA,"Loc1_R3_C27"
"219","Loc1","3","28","LAR3N28",1.43208129,"pxw","Loc1_R3_C28"
"220","Loc1","3","29",NA,NA,NA,"Loc1_R3_C29"
"222","Loc1","3","30","LAR3N30",0.217002351,"pxw","Loc1_R3_C30"
"223","Loc1","3","31","LAR3N31",0.345239034,"pxw","Loc1_R3_C31"
"224","Loc1","3","32","LAR3N32",0.613359586,"pxw","Loc1_R3_C32"
"225","Loc1","3","33",NA,NA,NA,"Loc1_R3_C33"
"226","Loc1","3","34","LAR3N34",0.58346267,"pxw","Loc1_R3_C34"
"227","Loc1","3","35",NA,NA,NA,"Loc1_R3_C35"
"228","Loc1","3","36","LAR3N36",0.300885613,"pxw","Loc1_R3_C36"
"229","Loc1","3","37",NA,NA,NA,"Loc1_R3_C37"
"230","Loc1","3","38","LAR3N38",0.377827623,"pxw","Loc1_R3_C38"
"231","Loc1","3","39","LAR3N39",0.296346515,"pxw","Loc1_R3_C39"
"233","Loc1","3","40","LAR3N40",0.259399992,"pxw","Loc1_R3_C40"
"234","Loc1","3","41","LAR3N41",0.784795614,"pxw","Loc1_R3_C41"
"235","Loc1","3","42",NA,NA,NA,"Loc1_R3_C42"
"236","Loc1","3","43","LAR3N43",0.541947048,"pxw","Loc1_R3_C43"
"237","Loc1","3","44","LAR3N44",2.88426588,"pxw","Loc1_R3_C44"
"238","Loc1","3","45","LAR3N45",0.746619234,"pxw","Loc1_R3_C45"
"239","Loc1","3","46",NA,NA,NA,"Loc1_R3_C46"
"240","Loc1","3","47",NA,NA,NA,"Loc1_R3_C47"
"241","Loc1","3","48",NA,NA,NA,"Loc1_R3_C48"
"242","Loc1","3","49","LAR3N49",2.470683408,"pxw","Loc1_R3_C49"
"244","Loc1","3","50",NA,NA,NA,"Loc1_R3_C50"
"245","Loc1","3","51",NA,NA,NA,"Loc1_R3_C51"
"246","Loc1","3","52",NA,NA,NA,"Loc1_R3_C52"
"247","Loc1","3","53","LAR3N53",0.576592949,"pxw","Loc1_R3_C53"
"248","Loc1","3","54","LAR3N54",0.735611917,"pxw","Loc1_R3_C54"
"249","Loc1","3","55","LAR3N55",0.580127799,"pxw","Loc1_R3_C55"
"250","Loc1","3","56",NA,NA,NA,"Loc1_R3_C56"
"251","Loc1","3","57","LAR3N57",0.169936695,"pxw","Loc1_R3_C57"
"252","Loc1","3","58",NA,NA,NA,"Loc1_R3_C58"
"253","Loc1","3","59",NA,NA,NA,"Loc1_R3_C59"
"255","Loc1","3","60","LAR3N60",1.187841263,"pxw","Loc1_R3_C60"
"256","Loc1","3","61",NA,NA,NA,"Loc1_R3_C61"
"257","Loc1","3","62",NA,NA,NA,"Loc1_R3_C62"
"258","Loc1","3","63","LAR3N63",0.348533188,"pxw","Loc1_R3_C63"
"259","Loc1","3","64",NA,NA,NA,"Loc1_R3_C64"
"260","Loc1","3","65","LAR3N65",1.333993476,"pxw","Loc1_R3_C65"
"261","Loc1","3","66","LAR3N66",0.88495034,"pxw","Loc1_R3_C66"
"262","Loc1","3","67","LAR3N67",0.415992931,"pxw","Loc1_R3_C67"
"263","Loc1","3","68",NA,NA,NA,"Loc1_R3_C68"
"264","Loc1","3","69",NA,NA,NA,"Loc1_R3_C69"
"266","Loc1","3","70",NA,NA,NA,"Loc1_R3_C70"
"267","Loc1","3","71","LAR3N71",0.32375742,"pxw","Loc1_R3_C71"
"268","Loc1","3","72",NA,NA,NA,"Loc1_R3_C72"
"269","Loc1","3","73",NA,NA,NA,"Loc1_R3_C73"
"270","Loc1","3","74","LAR3N74",0.727168928,"pxw","Loc1_R3_C74"
"271","Loc1","3","75",NA,NA,NA,"Loc1_R3_C75"
"272","Loc1","3","76","LAR3N76",0.410191774,"pxw","Loc1_R3_C76"
"273","Loc1","3","77","LAR3N77",0.459619175,"pxw","Loc1_R3_C77"
"274","Loc1","3","78",NA,NA,NA,"Loc1_R3_C78"
"275","Loc1","3","79","LAR3N79",0.612882399,"pxw","Loc1_R3_C79"
"277","Loc1","3","80",NA,NA,NA,"Loc1_R3_C80"
"278","Loc1","3","81","LAR3N81",0.377208517,"pxw","Loc1_R3_C81"
"279","Loc1","3","82","LAR3N82",0.203077133,"pxw","Loc1_R3_C82"
"280","Loc1","3","83","LAR3N83",1.10808412,"pxw","Loc1_R3_C83"
"281","Loc1","3","84",NA,NA,NA,"Loc1_R3_C84"
"282","Loc1","3","85",NA,NA,NA,"Loc1_R3_C85"
"283","Loc1","3","86","LAR3N86",0.220901633,"pxw","Loc1_R3_C86"
"284","Loc1","3","87",NA,NA,NA,"Loc1_R3_C87"
"285","Loc1","3","88",NA,NA,NA,"Loc1_R3_C88"
"286","Loc1","3","89",NA,NA,NA,"Loc1_R3_C89"
"288","Loc1","3","90","LAR3N90",1.470885328,"pxw","Loc1_R3_C90"
"289","Loc1","3","91",NA,NA,NA,"Loc1_R3_C91"
"290","Loc1","3","92",NA,NA,NA,"Loc1_R3_C92"
"291","Loc1","3","93",NA,NA,NA,"Loc1_R3_C93"
"292","Loc1","3","94",NA,NA,NA,"Loc1_R3_C94"
"293","Loc1","3","95","LAR3N95",1.303760151,"pxw","Loc1_R3_C95"
"294","Loc1","3","96","LAR3N96",0.4745952,"pxw","Loc1_R3_C96"
"295","Loc1","3","97","LAR3N97",1.631523938,"pxw","Loc1_R3_C97"
"296","Loc1","3","98","LAR3N98",0.1461138,"pxw","Loc1_R3_C98"
"297","Loc1","3","99",NA,NA,NA,"Loc1_R3_C99"
"298","Loc1","4","1","LAR4N1",1.24260743,"pxw","Loc1_R4_C1"
"309","Loc1","4","2",NA,NA,NA,"Loc1_R4_C2"
"320","Loc1","4","3",NA,NA,NA,"Loc1_R4_C3"
"331","Loc1","4","4",NA,NA,NA,"Loc1_R4_C4"
"342","Loc1","4","5",NA,NA,NA,"Loc1_R4_C5"
"353","Loc1","4","6","LAR4N6",3.79448118,"pxw","Loc1_R4_C6"
"364","Loc1","4","7","LAR4N7",0.550513485,"pxw","Loc1_R4_C7"
"375","Loc1","4","8","LAR4N8",1.243972629,"pxw","Loc1_R4_C8"
"386","Loc1","4","9",NA,NA,NA,"Loc1_R4_C9"
"299","Loc1","4","10","LAR4N10",0.44179843,"pxw","Loc1_R4_C10"
"300","Loc1","4","11","LAR4N11",0.618304179,"pxw","Loc1_R4_C11"
"301","Loc1","4","12","LAR4N12",0.38713456,"pxw","Loc1_R4_C12"
"302","Loc1","4","13","LAR4N13",0.29984838,"pxw","Loc1_R4_C13"
"303","Loc1","4","14","LAR4N14",0.533069748,"pxw","Loc1_R4_C14"
"304","Loc1","4","15",NA,NA,NA,"Loc1_R4_C15"
"305","Loc1","4","16","LAR4N16",0.409630201,"pxw","Loc1_R4_C16"
"306","Loc1","4","17","LAR4N17",0.485946338,"pxw","Loc1_R4_C17"
"307","Loc1","4","18","LAR4N18",0.341979623,"pxw","Loc1_R4_C18"
"308","Loc1","4","19",NA,NA,NA,"Loc1_R4_C19"
"310","Loc1","4","20","LAR4N20",0.835226141,"pxw","Loc1_R4_C20"
"311","Loc1","4","21","LAR4N21",0.429122296,"pxw","Loc1_R4_C21"
"312","Loc1","4","22",NA,NA,NA,"Loc1_R4_C22"
"313","Loc1","4","23",NA,NA,NA,"Loc1_R4_C23"
"314","Loc1","4","24",NA,NA,NA,"Loc1_R4_C24"
"315","Loc1","4","25","LAR4N25",0.832869574,"pxw","Loc1_R4_C25"
"316","Loc1","4","26",NA,NA,NA,"Loc1_R4_C26"
"317","Loc1","4","27",NA,NA,NA,"Loc1_R4_C27"
"318","Loc1","4","28","LAR4N28",0.59110382,"pxw","Loc1_R4_C28"
"319","Loc1","4","29",NA,NA,NA,"Loc1_R4_C29"
"321","Loc1","4","30","LAR4N30",0.469558945,"pxw","Loc1_R4_C30"
"322","Loc1","4","31","LAR4N31",0.560915465,"pxw","Loc1_R4_C31"
"323","Loc1","4","32","LAR4N32",1.372876826,"pxw","Loc1_R4_C32"
"324","Loc1","4","33",NA,NA,NA,"Loc1_R4_C33"
"325","Loc1","4","34","LAR4N34",3.410616848,"pxw","Loc1_R4_C34"
"326","Loc1","4","35",NA,NA,NA,"Loc1_R4_C35"
"327","Loc1","4","36",NA,NA,NA,"Loc1_R4_C36"
"328","Loc1","4","37",NA,NA,NA,"Loc1_R4_C37"
"329","Loc1","4","38","LAR4N38",0.693763583,"pxw","Loc1_R4_C38"
"330","Loc1","4","39","LAR4N39",0.59675707,"pxw","Loc1_R4_C39"
"332","Loc1","4","40","LAR4N40",0.554172863,"pxw","Loc1_R4_C40"
"333","Loc1","4","41","LAR4N41",0.413601948,"pxw","Loc1_R4_C41"
"334","Loc1","4","42",NA,NA,NA,"Loc1_R4_C42"
"335","Loc1","4","43","LAR4N43",0.846057694,"pxw","Loc1_R4_C43"
"336","Loc1","4","44",NA,NA,NA,"Loc1_R4_C44"
"337","Loc1","4","45",NA,NA,NA,"Loc1_R4_C45"
"338","Loc1","4","46",NA,NA,NA,"Loc1_R4_C46"
"339","Loc1","4","47",NA,NA,NA,"Loc1_R4_C47"
"340","Loc1","4","48",NA,NA,NA,"Loc1_R4_C48"
"341","Loc1","4","49",NA,NA,NA,"Loc1_R4_C49"
"343","Loc1","4","50",NA,NA,NA,"Loc1_R4_C50"
"344","Loc1","4","51",NA,NA,NA,"Loc1_R4_C51"
"345","Loc1","4","52",NA,NA,NA,"Loc1_R4_C52"
"346","Loc1","4","53",NA,NA,NA,"Loc1_R4_C53"
"347","Loc1","4","54",NA,NA,NA,"Loc1_R4_C54"
"348","Loc1","4","55",NA,NA,NA,"Loc1_R4_C55"
"349","Loc1","4","56",NA,NA,NA,"Loc1_R4_C56"
"350","Loc1","4","57",NA,NA,NA,"Loc1_R4_C57"
"351","Loc1","4","58",NA,NA,NA,"Loc1_R4_C58"
"352","Loc1","4","59",NA,NA,NA,"Loc1_R4_C59"
"354","Loc1","4","60",NA,NA,NA,"Loc1_R4_C60"
"355","Loc1","4","61",NA,NA,NA,"Loc1_R4_C61"
"356","Loc1","4","62",NA,NA,NA,"Loc1_R4_C62"
"357","Loc1","4","63",NA,NA,NA,"Loc1_R4_C63"
"358","Loc1","4","64",NA,NA,NA,"Loc1_R4_C64"
"359","Loc1","4","65",NA,NA,NA,"Loc1_R4_C65"
"360","Loc1","4","66",NA,NA,NA,"Loc1_R4_C66"
"361","Loc1","4","67",NA,NA,NA,"Loc1_R4_C67"
"362","Loc1","4","68",NA,NA,NA,"Loc1_R4_C68"
"363","Loc1","4","69",NA,NA,NA,"Loc1_R4_C69"
"365","Loc1","4","70",NA,NA,NA,"Loc1_R4_C70"
"366","Loc1","4","71",NA,NA,NA,"Loc1_R4_C71"
"367","Loc1","4","72",NA,NA,NA,"Loc1_R4_C72"
"368","Loc1","4","73",NA,NA,NA,"Loc1_R4_C73"
"369","Loc1","4","74",NA,NA,NA,"Loc1_R4_C74"
"370","Loc1","4","75",NA,NA,NA,"Loc1_R4_C75"
"371","Loc1","4","76",NA,NA,NA,"Loc1_R4_C76"
"372","Loc1","4","77",NA,NA,NA,"Loc1_R4_C77"
"373","Loc1","4","78",NA,NA,NA,"Loc1_R4_C78"
"374","Loc1","4","79",NA,NA,NA,"Loc1_R4_C79"
"376","Loc1","4","80",NA,NA,NA,"Loc1_R4_C80"
"377","Loc1","4","81",NA,NA,NA,"Loc1_R4_C81"
"378","Loc1","4","82",NA,NA,NA,"Loc1_R4_C82"
"379","Loc1","4","83",NA,NA,NA,"Loc1_R4_C83"
"380","Loc1","4","84",NA,NA,NA,"Loc1_R4_C84"
"381","Loc1","4","85",NA,NA,NA,"Loc1_R4_C85"
"382","Loc1","4","86",NA,NA,NA,"Loc1_R4_C86"
"383","Loc1","4","87",NA,NA,NA,"Loc1_R4_C87"
"384","Loc1","4","88",NA,NA,NA,"Loc1_R4_C88"
"385","Loc1","4","89",NA,NA,NA,"Loc1_R4_C89"
"387","Loc1","4","90",NA,NA,NA,"Loc1_R4_C90"
"388","Loc1","4","91",NA,NA,NA,"Loc1_R4_C91"
"389","Loc1","4","92",NA,NA,NA,"Loc1_R4_C92"
"390","Loc1","4","93",NA,NA,NA,"Loc1_R4_C93"
"391","Loc1","4","94",NA,NA,NA,"Loc1_R4_C94"
"392","Loc1","4","95",NA,NA,NA,"Loc1_R4_C95"
"393","Loc1","4","96",NA,NA,NA,"Loc1_R4_C96"
"394","Loc1","4","97",NA,NA,NA,"Loc1_R4_C97"
"395","Loc1","4","98",NA,NA,NA,"Loc1_R4_C98"
"396","Loc1","4","99",NA,NA,NA,"Loc1_R4_C99"
"397","Loc3","1","1",NA,NA,NA,"Loc3_R1_C1"
"408","Loc3","1","2",NA,NA,NA,"Loc3_R1_C2"
"419","Loc3","1","3",NA,NA,NA,"Loc3_R1_C3"
"430","Loc3","1","4",NA,NA,NA,"Loc3_R1_C4"
"441","Loc3","1","5",NA,NA,NA,"Loc3_R1_C5"
"452","Loc3","1","6",NA,NA,NA,"Loc3_R1_C6"
"463","Loc3","1","7",NA,NA,NA,"Loc3_R1_C7"
"474","Loc3","1","8",NA,NA,NA,"Loc3_R1_C8"
"485","Loc3","1","9",NA,NA,NA,"Loc3_R1_C9"
"398","Loc3","1","10",NA,NA,NA,"Loc3_R1_C10"
"399","Loc3","1","11",NA,NA,NA,"Loc3_R1_C11"
"400","Loc3","1","12",NA,NA,NA,"Loc3_R1_C12"
"401","Loc3","1","13",NA,NA,NA,"Loc3_R1_C13"
"402","Loc3","1","14",NA,NA,NA,"Loc3_R1_C14"
"403","Loc3","1","15",NA,NA,NA,"Loc3_R1_C15"
"404","Loc3","1","16",NA,NA,NA,"Loc3_R1_C16"
"405","Loc3","1","17",NA,NA,NA,"Loc3_R1_C17"
"406","Loc3","1","18",NA,NA,NA,"Loc3_R1_C18"
"407","Loc3","1","19",NA,NA,NA,"Loc3_R1_C19"
"409","Loc3","1","20",NA,NA,NA,"Loc3_R1_C20"
"410","Loc3","1","21",NA,NA,NA,"Loc3_R1_C21"
"411","Loc3","1","22",NA,NA,NA,"Loc3_R1_C22"
"412","Loc3","1","23",NA,NA,NA,"Loc3_R1_C23"
"413","Loc3","1","24","BIR1N24",0.6503712,"bibon","Loc3_R1_C24"
"414","Loc3","1","25",NA,NA,NA,"Loc3_R1_C25"
"415","Loc3","1","26",NA,NA,NA,"Loc3_R1_C26"
"416","Loc3","1","27",NA,NA,NA,"Loc3_R1_C27"
"417","Loc3","1","28",NA,NA,NA,"Loc3_R1_C28"
"418","Loc3","1","29",NA,NA,NA,"Loc3_R1_C29"
"420","Loc3","1","30",NA,NA,NA,"Loc3_R1_C30"
"421","Loc3","1","31",NA,NA,NA,"Loc3_R1_C31"
"422","Loc3","1","32",NA,NA,NA,"Loc3_R1_C32"
"423","Loc3","1","33",NA,NA,NA,"Loc3_R1_C33"
"424","Loc3","1","34",NA,NA,NA,"Loc3_R1_C34"
"425","Loc3","1","35",NA,NA,NA,"Loc3_R1_C35"
"426","Loc3","1","36",NA,NA,NA,"Loc3_R1_C36"
"427","Loc3","1","37",NA,NA,NA,"Loc3_R1_C37"
"428","Loc3","1","38",NA,NA,NA,"Loc3_R1_C38"
"429","Loc3","1","39",NA,NA,NA,"Loc3_R1_C39"
"431","Loc3","1","40",NA,NA,NA,"Loc3_R1_C40"
"432","Loc3","1","41",NA,NA,NA,"Loc3_R1_C41"
"433","Loc3","1","42",NA,NA,NA,"Loc3_R1_C42"
"434","Loc3","1","43",NA,NA,NA,"Loc3_R1_C43"
"435","Loc3","1","44",NA,NA,NA,"Loc3_R1_C44"
"436","Loc3","1","45",NA,NA,NA,"Loc3_R1_C45"
"437","Loc3","1","46",NA,NA,NA,"Loc3_R1_C46"
"438","Loc3","1","47",NA,NA,NA,"Loc3_R1_C47"
"439","Loc3","1","48",NA,NA,NA,"Loc3_R1_C48"
"440","Loc3","1","49",NA,NA,NA,"Loc3_R1_C49"
"442","Loc3","1","50",NA,NA,NA,"Loc3_R1_C50"
"443","Loc3","1","51",NA,NA,NA,"Loc3_R1_C51"
"444","Loc3","1","52",NA,NA,NA,"Loc3_R1_C52"
"445","Loc3","1","53",NA,NA,NA,"Loc3_R1_C53"
"446","Loc3","1","54",NA,NA,NA,"Loc3_R1_C54"
"447","Loc3","1","55",NA,NA,NA,"Loc3_R1_C55"
"448","Loc3","1","56",NA,NA,NA,"Loc3_R1_C56"
"449","Loc3","1","57",NA,NA,NA,"Loc3_R1_C57"
"450","Loc3","1","58",NA,NA,NA,"Loc3_R1_C58"
"451","Loc3","1","59",NA,NA,NA,"Loc3_R1_C59"
"453","Loc3","1","60",NA,NA,NA,"Loc3_R1_C60"
"454","Loc3","1","61",NA,NA,NA,"Loc3_R1_C61"
"455","Loc3","1","62",NA,NA,NA,"Loc3_R1_C62"
"456","Loc3","1","63",NA,NA,NA,"Loc3_R1_C63"
"457","Loc3","1","64","BIR1N64",0.13655598,"bibon","Loc3_R1_C64"
"458","Loc3","1","65",NA,NA,NA,"Loc3_R1_C65"
"459","Loc3","1","66",NA,NA,NA,"Loc3_R1_C66"
"460","Loc3","1","67",NA,NA,NA,"Loc3_R1_C67"
"461","Loc3","1","68",NA,NA,NA,"Loc3_R1_C68"
"462","Loc3","1","69",NA,NA,NA,"Loc3_R1_C69"
"464","Loc3","1","70",NA,NA,NA,"Loc3_R1_C70"
"465","Loc3","1","71",NA,NA,NA,"Loc3_R1_C71"
"466","Loc3","1","72",NA,NA,NA,"Loc3_R1_C72"
"467","Loc3","1","73",NA,NA,NA,"Loc3_R1_C73"
"468","Loc3","1","74",NA,NA,NA,"Loc3_R1_C74"
"469","Loc3","1","75",NA,NA,NA,"Loc3_R1_C75"
"470","Loc3","1","76",NA,NA,NA,"Loc3_R1_C76"
"471","Loc3","1","77","BIR1N77",0.398533729,"bibon","Loc3_R1_C77"
"472","Loc3","1","78",NA,NA,NA,"Loc3_R1_C78"
"473","Loc3","1","79",NA,NA,NA,"Loc3_R1_C79"
"475","Loc3","1","80","BIR1N80",0.32252792,"bibon","Loc3_R1_C80"
"476","Loc3","1","81",NA,NA,NA,"Loc3_R1_C81"
"477","Loc3","1","82",NA,NA,NA,"Loc3_R1_C82"
"478","Loc3","1","83",NA,NA,NA,"Loc3_R1_C83"
"479","Loc3","1","84",NA,NA,NA,"Loc3_R1_C84"
"480","Loc3","1","85",NA,NA,NA,"Loc3_R1_C85"
"481","Loc3","1","86","BIR1N86",0.452069713,"bibon","Loc3_R1_C86"
"482","Loc3","1","87",NA,NA,NA,"Loc3_R1_C87"
"483","Loc3","1","88",NA,NA,NA,"Loc3_R1_C88"
"484","Loc3","1","89",NA,NA,NA,"Loc3_R1_C89"
"486","Loc3","1","90",NA,NA,NA,"Loc3_R1_C90"
"487","Loc3","1","91","BIR1N91",0.301473854,"bibon","Loc3_R1_C91"
"488","Loc3","1","92",NA,NA,NA,"Loc3_R1_C92"
"489","Loc3","1","93",NA,NA,NA,"Loc3_R1_C93"
"490","Loc3","1","94","BIR1N94",0.43999379,"bibon","Loc3_R1_C94"
"491","Loc3","2","1",NA,NA,NA,"Loc3_R2_C1"
"502","Loc3","2","2",NA,NA,NA,"Loc3_R2_C2"
"513","Loc3","2","3",NA,NA,NA,"Loc3_R2_C3"
"524","Loc3","2","4",NA,NA,NA,"Loc3_R2_C4"
"535","Loc3","2","5",NA,NA,NA,"Loc3_R2_C5"
"546","Loc3","2","6",NA,NA,NA,"Loc3_R2_C6"
"557","Loc3","2","7",NA,NA,NA,"Loc3_R2_C7"
"568","Loc3","2","8",NA,NA,NA,"Loc3_R2_C8"
"579","Loc3","2","9",NA,NA,NA,"Loc3_R2_C9"
"492","Loc3","2","10",NA,NA,NA,"Loc3_R2_C10"
"493","Loc3","2","11",NA,NA,NA,"Loc3_R2_C11"
"494","Loc3","2","12",NA,NA,NA,"Loc3_R2_C12"
"495","Loc3","2","13",NA,NA,NA,"Loc3_R2_C13"
"496","Loc3","2","14",NA,NA,NA,"Loc3_R2_C14"
"497","Loc3","2","15","BIR2N15",0.428677159,"bibon","Loc3_R2_C15"
"498","Loc3","2","16",NA,NA,NA,"Loc3_R2_C16"
"499","Loc3","2","17",NA,NA,NA,"Loc3_R2_C17"
"500","Loc3","2","18",NA,NA,NA,"Loc3_R2_C18"
"501","Loc3","2","19",NA,NA,NA,"Loc3_R2_C19"
"503","Loc3","2","20",NA,NA,NA,"Loc3_R2_C20"
"504","Loc3","2","21",NA,NA,NA,"Loc3_R2_C21"
"505","Loc3","2","22",NA,NA,NA,"Loc3_R2_C22"
"506","Loc3","2","23",NA,NA,NA,"Loc3_R2_C23"
"507","Loc3","2","24",NA,NA,NA,"Loc3_R2_C24"
"508","Loc3","2","25",NA,NA,NA,"Loc3_R2_C25"
"509","Loc3","2","26",NA,NA,NA,"Loc3_R2_C26"
"510","Loc3","2","27",NA,NA,NA,"Loc3_R2_C27"
"511","Loc3","2","28",NA,NA,NA,"Loc3_R2_C28"
"512","Loc3","2","29",NA,NA,NA,"Loc3_R2_C29"
"514","Loc3","2","30",NA,NA,NA,"Loc3_R2_C30"
"515","Loc3","2","31",NA,NA,NA,"Loc3_R2_C31"
"516","Loc3","2","32",NA,NA,NA,"Loc3_R2_C32"
"517","Loc3","2","33",NA,NA,NA,"Loc3_R2_C33"
"518","Loc3","2","34",NA,NA,NA,"Loc3_R2_C34"
"519","Loc3","2","35",NA,NA,NA,"Loc3_R2_C35"
"520","Loc3","2","36",NA,NA,NA,"Loc3_R2_C36"
"521","Loc3","2","37",NA,NA,NA,"Loc3_R2_C37"
"522","Loc3","2","38",NA,NA,NA,"Loc3_R2_C38"
"523","Loc3","2","39",NA,NA,NA,"Loc3_R2_C39"
"525","Loc3","2","40",NA,NA,NA,"Loc3_R2_C40"
"526","Loc3","2","41",NA,NA,NA,"Loc3_R2_C41"
"527","Loc3","2","42",NA,NA,NA,"Loc3_R2_C42"
"528","Loc3","2","43",NA,NA,NA,"Loc3_R2_C43"
"529","Loc3","2","44",NA,NA,NA,"Loc3_R2_C44"
"530","Loc3","2","45",NA,NA,NA,"Loc3_R2_C45"
"531","Loc3","2","46",NA,NA,NA,"Loc3_R2_C46"
"532","Loc3","2","47",NA,NA,NA,"Loc3_R2_C47"
"533","Loc3","2","48",NA,NA,NA,"Loc3_R2_C48"
"534","Loc3","2","49",NA,NA,NA,"Loc3_R2_C49"
"536","Loc3","2","50",NA,NA,NA,"Loc3_R2_C50"
"537","Loc3","2","51",NA,NA,NA,"Loc3_R2_C51"
"538","Loc3","2","52",NA,NA,NA,"Loc3_R2_C52"
"539","Loc3","2","53",NA,NA,NA,"Loc3_R2_C53"
"540","Loc3","2","54",NA,NA,NA,"Loc3_R2_C54"
"541","Loc3","2","55",NA,NA,NA,"Loc3_R2_C55"
"542","Loc3","2","56",NA,NA,NA,"Loc3_R2_C56"
"543","Loc3","2","57",NA,NA,NA,"Loc3_R2_C57"
"544","Loc3","2","58",NA,NA,NA,"Loc3_R2_C58"
"545","Loc3","2","59",NA,NA,NA,"Loc3_R2_C59"
"547","Loc3","2","60","BIR2N60",6.449981881,"bibon","Loc3_R2_C60"
"548","Loc3","2","61",NA,NA,NA,"Loc3_R2_C61"
"549","Loc3","2","62",NA,NA,NA,"Loc3_R2_C62"
"550","Loc3","2","63",NA,NA,NA,"Loc3_R2_C63"
"551","Loc3","2","64",NA,NA,NA,"Loc3_R2_C64"
"552","Loc3","2","65",NA,NA,NA,"Loc3_R2_C65"
"553","Loc3","2","66",NA,NA,NA,"Loc3_R2_C66"
"554","Loc3","2","67",NA,NA,NA,"Loc3_R2_C67"
"555","Loc3","2","68",NA,NA,NA,"Loc3_R2_C68"
"556","Loc3","2","69",NA,NA,NA,"Loc3_R2_C69"
"558","Loc3","2","70",NA,NA,NA,"Loc3_R2_C70"
"559","Loc3","2","71",NA,NA,NA,"Loc3_R2_C71"
"560","Loc3","2","72",NA,NA,NA,"Loc3_R2_C72"
"561","Loc3","2","73",NA,NA,NA,"Loc3_R2_C73"
"562","Loc3","2","74",NA,NA,NA,"Loc3_R2_C74"
"563","Loc3","2","75",NA,NA,NA,"Loc3_R2_C75"
"564","Loc3","2","76","BIR2N76",1.494917888,"bibon","Loc3_R2_C76"
"565","Loc3","2","77",NA,NA,NA,"Loc3_R2_C77"
"566","Loc3","2","78",NA,NA,NA,"Loc3_R2_C78"
"567","Loc3","2","79",NA,NA,NA,"Loc3_R2_C79"
"569","Loc3","2","80","BIR2N80",6.504531334,"bibon","Loc3_R2_C80"
"570","Loc3","2","81",NA,NA,NA,"Loc3_R2_C81"
"571","Loc3","2","82",NA,NA,NA,"Loc3_R2_C82"
"572","Loc3","2","83",NA,NA,NA,"Loc3_R2_C83"
"573","Loc3","2","84",NA,NA,NA,"Loc3_R2_C84"
"574","Loc3","2","85",NA,NA,NA,"Loc3_R2_C85"
"575","Loc3","2","86",NA,NA,NA,"Loc3_R2_C86"
"576","Loc3","2","87",NA,NA,NA,"Loc3_R2_C87"
"577","Loc3","2","88",NA,NA,NA,"Loc3_R2_C88"
"578","Loc3","2","89",NA,NA,NA,"Loc3_R2_C89"
"580","Loc3","2","90",NA,NA,NA,"Loc3_R2_C90"
"581","Loc3","2","91",NA,NA,NA,"Loc3_R2_C91"
"582","Loc3","2","92",NA,NA,NA,"Loc3_R2_C92"
"583","Loc3","2","93",NA,NA,NA,"Loc3_R2_C93"
"584","Loc3","2","94","BIR2N94",3.504493881,"bibon","Loc3_R2_C94"
